,ref_number,polis
0,8,14.538680216038344
1,12,11.063187185015146
2,16,12.610828948215351
3,21,18.67050280278426
4,26,37.50501918115724
5,27,19.42628143322436
6,30,28.494794909838852
7,46,14.332050913748864
8,56,34.415650327519465
9,58,12.33253699996364
